TransactionID,CustomerID,ProductID,Date,Quantity,Discount,Total_Amount
10001,CUST-055,PROD-008,2023-01-01 00:00:00,9,0.2,1355.76
10002,CUST-023,PROD-019,2023-01-01 01:00:00,1,0.1,
10003,CUST-095,PROD-002,2023-01-01 02:00:00,9,0.0,3552.48
10004,CUST-058,PROD-019,2023-01-01 03:00:00,2,0.2,309.87
10005,CUST-070,PROD-003,2023-01-01 04:00:00,8,0.1,1147.39
10006,CUST-092,PROD-002,2023-01-01 05:00:00,5,0.0,1973.6
10007,CUST-049,PROD-006,2023-01-01 06:00:00,5,0.2,458.64
10008,CUST-091,PROD-011,2023-01-01 07:00:00,5,0.05,1329.1
10009,CUST-042,PROD-002,2023-01-01 08:00:00,9,0.1,3197.23
10010,CUST-058,PROD-017,2023-01-01 09:00:00,6,0.2,
10011,CUST-068,PROD-005,2023-01-01 10:00:00,8,0.2,1596.67
10012,CUST-015,PROD-003,2023-01-01 11:00:00,2,0.1,286.85
10013,CUST-066,PROD-008,2023-01-01 12:00:00,9,0.05,1609.96
10014,CUST-026,PROD-012,2023-01-01 13:00:00,5,0.2,1879.24
10015,CUST-014,PROD-010,2023-01-01 14:00:00,2,0.2,93.14
10016,CUST-069,PROD-014,2023-01-01 14:00:00,8,0.1,1365.77
10017,CUST-087,PROD-015,2023-01-01 16:00:00,4,0.0,1086.2
10018,CUST-044,PROD-001,2023-01-01 17:00:00,4,0.0,673.08
10019,CUST-018,PROD-015,2023-01-01 18:00:00,7,0.2,1520.68
10020,CUST-098,PROD-006,2023-01-01 19:00:00,5,0.05,544.63
10021,CUST-010,PROD-017,2023-01-01 20:00:00,3,0.0,
10022,CUST-011,PROD-011,2023-01-01 21:00:00,9,0.1,2266.46
10023,CUST-021,PROD-019,2023-01-01 22:00:00,8,0.1,1394.42
10024,CUST-091,PROD-009,2023-01-01 23:00:00,5,0.1,1499.26
10025,CUST-048,PROD-015,2023-01-02 00:00:00,6,0.05,
10026,CUST-017,PROD-014,2023-01-02 01:00:00,3,0.0,569.07
10027,CUST-048,PROD-017,2023-01-02 02:00:00,5,0.1,118.08
10028,CUST-089,PROD-010,2023-01-02 03:00:00,3,0.1,157.17
10029,CUST-064,PROD-014,2023-01-02 04:00:00,9,0.2,1365.77
10030,CUST-099,PROD-002,2023-01-02 05:00:00,3,0.0,1184.16
10031,CUST-023,PROD-003,2023-01-02 06:00:00,2,0.0,318.72
10032,CUST-088,PROD-011,2023-01-02 07:00:00,2,0.05,531.64
10033,CUST-033,PROD-001,2023-01-02 08:00:00,8,0.2,1076.93
10034,CUST-031,PROD-002,2023-01-02 09:00:00,9,0.1,3197.23
10035,CUST-011,PROD-016,2023-01-02 10:00:00,4,0.2,1368.99
10036,CUST-099,PROD-020,2023-01-02 11:00:00,7,0.0,961.66
10037,CUST-002,PROD-019,2023-01-02 12:00:00,4,0.1,697.21
10038,CUST-019,PROD-002,2023-01-02 13:00:00,5,0.1,1776.24
10039,CUST-018,PROD-007,2023-01-02 14:00:00,9,0.2,1011.53
10040,CUST-023,PROD-011,2023-01-02 15:00:00,2,0.0,559.62
10041,CUST-072,PROD-004,2023-01-02 16:00:00,9,0.0,3019.77
10042,CUST-020,PROD-020,2023-01-02 17:00:00,3,0.2,329.71
10043,CUST-010,PROD-011,2023-01-02 18:00:00,5,0.1,1259.14
10044,CUST-099,PROD-010,2023-01-02 19:00:00,8,0.05,442.4
10045,CUST-072,PROD-019,2023-01-02 20:00:00,1,0.05,183.99
10046,CUST-085,PROD-019,2023-01-02 21:00:00,1,0.0,193.67
10047,CUST-028,PROD-010,2023-01-02 22:00:00,9,0.1,471.5
10048,CUST-064,PROD-010,2023-01-02 23:00:00,1,0.05,55.3
10049,CUST-006,PROD-005,2023-01-03 00:00:00,5,0.1,1122.66
10050,CUST-047,PROD-003,2023-01-03 01:00:00,3,0.05,454.18
10051,CUST-058,PROD-018,2023-01-03 02:00:00,1,0.2,312.3
10052,CUST-100,PROD-013,2023-01-03 03:00:00,6,0.1,
10053,CUST-014,PROD-002,2023-01-03 04:00:00,8,0.2,2526.21
10054,CUST-015,PROD-020,2023-01-03 05:00:00,0,0.2,0.0
10055,CUST-033,PROD-014,2023-01-03 06:00:00,2,0.0,
10056,CUST-041,PROD-003,2023-01-03 07:00:00,3,0.0,478.08
10057,CUST-029,PROD-019,2023-01-03 08:00:00,4,0.05,735.95
10058,CUST-051,PROD-017,2023-01-03 09:00:00,3,0.0,78.72
10059,CUST-005,PROD-012,2023-01-03 10:00:00,6,0.1,2536.97
10060,CUST-089,PROD-003,2023-01-03 11:00:00,4,0.05,605.57
10061,CUST-096,PROD-013,2023-01-03 12:00:00,8,0.2,1644.42
10062,CUST-078,PROD-008,2023-01-03 13:00:00,7,0.05,1252.2
10063,CUST-074,PROD-008,2023-01-03 13:00:00,0,0.05,0.0
10064,CUST-044,PROD-017,2023-01-03 15:00:00,2,0.05,49.86
10065,CUST-099,PROD-017,2023-01-03 16:00:00,1,0.0,26.24
10066,CUST-073,PROD-014,2023-01-03 17:00:00,4,0.05,720.82
10067,CUST-051,PROD-011,2023-01-03 18:00:00,6,0.05,1594.92
10068,CUST-039,PROD-009,2023-01-03 19:00:00,2,0.1,599.71
10069,CUST-034,PROD-017,2032-12-31 20:00:00,7,0.2,146.94
10070,CUST-086,PROD-007,2023-01-03 21:00:00,7,0.0,983.43
10071,CUST-077,PROD-018,2023-01-03 22:00:00,8,0.1,2810.74
10072,CUST-098,PROD-007,2023-01-03 23:00:00,1,0.05,133.47
10073,CUST-084,PROD-006,2023-01-04 00:00:00,7,0.05,762.49
10074,CUST-056,PROD-001,2023-01-04 01:00:00,5,0.1,757.22
10075,CUST-052,PROD-013,2023-01-04 02:00:00,8,0.0,2055.52
10076,CUST-035,PROD-004,2023-01-04 03:00:00,1,0.0,335.53
10077,CUST-034,PROD-004,2023-01-04 04:00:00,1,0.05,318.75
10078,CUST-021,PROD-008,2023-01-04 05:00:00,9,0.2,1355.76
10079,CUST-091,PROD-007,2023-01-04 06:00:00,3,0.05,400.4
10080,CUST-090,PROD-013,2023-01-04 07:00:00,-8,0.1,-1849.97
10081,CUST-020,PROD-011,2023-01-04 08:00:00,4,0.0,1119.24
10082,CUST-100,PROD-018,2023-01-04 09:00:00,1,0.1,
10083,CUST-084,PROD-003,2023-01-04 10:00:00,4,0.05,605.57
10084,CUST-002,PROD-010,2023-01-04 11:00:00,6,0.0,349.26
10085,CUST-060,PROD-011,2023-01-04 12:00:00,7,0.1,1762.8
10086,CUST-054,PROD-006,2023-01-04 13:00:00,1,0.2,91.73
10087,CUST-003,PROD-009,2023-01-04 14:00:00,9,0.1,2698.68
10088,CUST-085,PROD-007,2023-01-04 15:00:00,2,0.2,224.78
10089,CUST-033,PROD-007,2023-01-04 15:00:00,8,0.1,1011.53
10090,CUST-081,PROD-005,2023-01-04 17:00:00,3,0.1,673.6
10091,CUST-085,PROD-006,2023-01-04 18:00:00,8,0.05,
10092,CUST-070,PROD-020,2023-01-04 19:00:00,8,0.05,1044.09
10093,CUST-073,PROD-018,2023-01-04 20:00:00,2,0.1,702.68
10094,CUST-023,PROD-020,2023-01-04 21:00:00,2,0.2,219.81
10095,CUST-073,PROD-004,2023-01-04 22:00:00,2,0.0,671.06
10096,CUST-038,PROD-011,2023-01-04 23:00:00,1,0.05,265.82
10097,CUST-054,PROD-012,2023-01-05 00:00:00,8,0.2,3006.78
10098,CUST-022,PROD-015,2023-01-05 01:00:00,7,0.05,1805.81
10099,CUST-074,PROD-019,2023-01-05 02:00:00,6,0.0,1162.02
10100,CUST-056,PROD-001,2023-01-05 03:00:00,7,0.1,1060.1
10101,CUST-025,PROD-014,2023-01-05 04:00:00,2,0.1,341.44
10102,CUST-097,PROD-009,2023-01-05 05:00:00,2,0.0,666.34
10103,CUST-063,PROD-005,2023-01-05 06:00:00,7,0.0,1746.36
10104,CUST-074,PROD-017,2023-01-05 07:00:00,2,0.2,41.98
10105,CUST-058,PROD-007,2023-01-05 08:00:00,3,0.0,421.47
10106,CUST-021,PROD-017,2023-01-05 09:00:00,8,0.2,167.94
10107,CUST-049,PROD-019,2023-01-05 10:00:00,1,0.0,193.67
10108,CUST-036,PROD-008,2023-01-05 11:00:00,4,0.0,753.2
10109,CUST-081,PROD-004,2023-01-05 12:00:00,9,0.1,2717.79
10110,CUST-072,PROD-002,2023-01-05 13:00:00,9,0.2,2841.98
10111,CUST-030,PROD-013,2023-01-05 14:00:00,8,0.0,2055.52
10112,CUST-036,PROD-008,2023-01-05 15:00:00,2,0.2,301.28
10113,CUST-092,PROD-015,2023-01-05 16:00:00,9,0.2,1955.16
10114,CUST-090,PROD-016,2023-01-05 17:00:00,7,0.2,2395.74
10115,CUST-063,PROD-001,2023-01-05 18:00:00,6,0.0,1009.62
10116,CUST-080,PROD-007,2023-01-05 19:00:00,2,0.05,266.93
10117,CUST-011,PROD-003,2023-01-05 20:00:00,2,0.05,
10118,CUST-067,PROD-012,2023-01-05 21:00:00,4,0.2,1503.39
10119,CUST-094,PROD-020,2023-01-05 22:00:00,9,0.1,1112.78
10120,CUST-073,PROD-018,2023-01-05 23:00:00,2,0.2,624.61
10121,CUST-025,PROD-018,2023-01-06 00:00:00,3,0.05,1112.58
10122,CUST-042,PROD-010,2023-01-06 01:00:00,1,0.1,52.39
10123,CUST-009,PROD-020,2023-01-06 02:00:00,5,0.1,618.21
10124,CUST-035,PROD-016,2023-01-06 03:00:00,9,0.2,3080.23
10125,CUST-078,PROD-020,2023-01-06 04:00:00,1,0.2,109.9
10126,CUST-100,PROD-017,2023-01-06 05:00:00,9,0.05,224.35
10127,CUST-096,PROD-003,2023-01-06 06:00:00,6,0.05,908.35
10128,CUST-073,PROD-012,2023-01-06 07:00:00,3,0.0,1409.43
10129,CUST-096,PROD-008,2023-01-06 08:00:00,3,0.2,451.92
10130,CUST-031,PROD-001,2023-01-06 09:00:00,1,0.0,168.27
10131,CUST-057,PROD-016,2023-01-06 10:00:00,8,0.0,3422.48
10132,CUST-043,PROD-012,2023-01-06 11:00:00,5,0.05,2231.6
10133,CUST-071,PROD-014,2023-01-06 12:00:00,9,0.1,1536.49
10134,CUST-023,PROD-017,2023-01-06 13:00:00,4,0.2,83.97
10135,CUST-083,PROD-009,2023-01-06 14:00:00,8,0.1,2398.82
10136,CUST-085,PROD-001,2023-01-06 15:00:00,4,0.2,538.46
10137,CUST-027,PROD-019,2023-01-06 16:00:00,7,0.05,1287.91
10138,CUST-048,PROD-001,2023-01-06 17:00:00,3,0.2,403.85
10139,CUST-059,PROD-013,2023-01-06 18:00:00,7,0.2,1438.86
10140,CUST-086,PROD-013,2023-01-06 19:00:00,6,0.2,1233.31
10141,CUST-031,PROD-007,2023-01-06 20:00:00,6,0.2,674.35
10142,CUST-015,PROD-016,2023-01-06 21:00:00,6,0.2,
10143,CUST-071,PROD-012,2023-01-06 22:00:00,2,0.0,939.62
10144,CUST-014,PROD-018,2023-01-06 23:00:00,9,0.05,3337.75
10145,CUST-038,PROD-012,2023-01-07 00:00:00,9,0.05,4016.88
10146,CUST-022,PROD-005,2023-01-07 01:00:00,2,0.2,399.17
10147,CUST-023,PROD-004,2023-01-07 02:00:00,5,0.1,1509.88
10148,CUST-023,PROD-015,2023-01-07 03:00:00,2,0.1,488.79
10149,CUST-095,PROD-020,2023-01-07 04:00:00,5,0.0,686.9
10150,CUST-097,PROD-006,2023-01-07 04:00:00,7,0.05,762.49
10151,CUST-011,PROD-005,2023-01-07 06:00:00,9,0.2,1796.26
10152,CUST-040,PROD-012,2023-01-07 07:00:00,6,0.05,2677.92
10153,CUST-065,PROD-007,2023-01-07 08:00:00,7,0.05,
10154,CUST-026,PROD-010,2023-01-07 09:00:00,8,0.05,442.4
10155,CUST-075,PROD-009,2023-01-07 10:00:00,2,0.05,633.02
10156,CUST-037,PROD-016,2023-01-07 11:00:00,4,0.1,1540.12
10157,CUST-033,PROD-005,2023-01-07 12:00:00,3,0.1,673.6
10158,CUST-019,PROD-008,2023-01-07 13:00:00,3,0.2,451.92
10159,CUST-023,PROD-002,2023-01-07 14:00:00,5,0.1,1776.24
10160,CUST-067,PROD-002,2023-01-07 15:00:00,5,0.05,1874.92
10161,CUST-005,PROD-010,2023-01-07 16:00:00,2,0.0,116.42
10162,CUST-081,PROD-013,2023-01-07 17:00:00,9,0.2,1849.97
10163,CUST-019,PROD-009,2023-01-07 18:00:00,1,0.0,333.17
10164,CUST-022,PROD-012,2023-01-07 19:00:00,5,0.1,2114.15
10165,CUST-044,PROD-002,2023-01-07 20:00:00,0,0.05,0.0
10166,CUST-056,PROD-010,2023-01-07 21:00:00,1,0.1,52.39
10167,CUST-033,PROD-010,2023-01-07 22:00:00,6,0.0,349.26
10168,CUST-038,PROD-008,2023-01-07 23:00:00,5,0.1,847.35
10169,CUST-064,PROD-011,2023-01-08 00:00:00,2,0.2,447.7
10170,CUST-014,PROD-013,2023-01-08 01:00:00,7,0.0,1798.58
10171,CUST-068,PROD-010,2023-01-08 02:00:00,1,0.0,58.21
10172,CUST-048,PROD-009,2023-01-08 03:00:00,7,0.2,1865.75
10173,CUST-090,PROD-002,2023-01-08 04:00:00,2,0.0,789.44
10174,CUST-017,PROD-017,2023-01-08 05:00:00,5,0.2,104.96
10175,CUST-048,PROD-002,2023-01-08 06:00:00,-6,0.1,-2131.49
10176,CUST-009,PROD-016,2023-01-08 07:00:00,6,0.05,2438.52
10177,CUST-005,PROD-010,2023-01-08 08:00:00,5,0.05,
10178,CUST-017,PROD-004,2023-01-08 09:00:00,4,0.05,1275.01
10179,CUST-098,PROD-020,2023-01-08 10:00:00,7,0.05,913.58
10180,CUST-049,PROD-001,2023-01-08 11:00:00,4,0.0,673.08
10181,CUST-008,PROD-004,2023-01-08 11:00:00,2,0.2,536.85
10182,CUST-040,PROD-004,2023-01-08 13:00:00,9,0.1,2717.79
10183,CUST-089,PROD-008,2023-01-08 14:00:00,8,0.1,
10184,CUST-055,PROD-020,2023-01-08 15:00:00,2,0.0,274.76
10185,CUST-079,PROD-001,2023-01-08 16:00:00,6,0.2,807.7
10186,CUST-079,PROD-018,2023-01-08 16:00:00,7,0.2,2186.13
10187,CUST-100,PROD-009,2023-01-08 18:00:00,5,0.2,1332.68
10188,CUST-051,PROD-017,2023-01-08 19:00:00,4,0.0,104.96
10189,CUST-085,PROD-005,2023-01-08 20:00:00,6,0.0,1496.88
10190,CUST-051,PROD-012,2023-01-08 21:00:00,7,0.05,3124.24
10191,CUST-024,PROD-008,2023-01-08 22:00:00,4,0.2,602.56
10192,CUST-009,PROD-009,2023-01-08 23:00:00,3,0.1,899.56
10193,CUST-056,PROD-014,2023-01-09 00:00:00,3,0.2,455.26
10194,CUST-063,PROD-013,2023-01-09 01:00:00,6,0.0,1541.64
10195,CUST-095,PROD-001,2023-01-09 02:00:00,8,0.2,1076.93
10196,CUST-027,PROD-016,2023-01-09 03:00:00,2,0.05,812.84
10197,CUST-002,PROD-020,2023-01-09 04:00:00,6,0.2,659.42
10198,CUST-075,PROD-006,2023-01-09 05:00:00,1,0.05,
10199,CUST-056,PROD-004,2023-01-09 06:00:00,8,0.2,2147.39
10200,CUST-025,PROD-017,2023-01-09 07:00:00,9,0.2,188.93
10201,CUST-033,PROD-020,2023-01-09 08:00:00,9,0.2,989.14
10202,CUST-072,PROD-004,2023-01-09 09:00:00,9,0.2,2415.82
10203,CUST-026,PROD-007,2023-01-09 10:00:00,4,0.0,561.96
10204,CUST-054,PROD-006,2023-01-09 11:00:00,1,0.0,114.66
10205,CUST-099,PROD-001,2023-01-09 12:00:00,6,0.2,807.7
10206,CUST-091,PROD-016,2023-01-09 13:00:00,8,0.2,2737.98
10207,CUST-082,PROD-013,2023-01-09 14:00:00,8,0.1,1849.97
10208,CUST-019,PROD-016,2023-01-09 15:00:00,8,0.05,3251.36
10209,CUST-018,PROD-012,2023-01-09 16:00:00,4,0.0,1879.24
10210,CUST-035,PROD-001,2023-01-09 17:00:00,7,0.05,1119.0
10211,CUST-034,PROD-006,2023-01-09 18:00:00,8,0.1,825.55
10212,CUST-079,PROD-015,2023-01-09 19:00:00,9,0.0,2443.95
10213,CUST-060,PROD-017,2033-01-06 20:00:00,7,0.1,165.31
10214,CUST-025,PROD-013,2023-01-09 21:00:00,2,0.05,
10215,CUST-032,PROD-004,2023-01-09 22:00:00,9,0.1,2717.79
10216,CUST-095,PROD-006,2023-01-09 23:00:00,7,0.0,802.62
10217,CUST-058,PROD-005,2023-01-10 00:00:00,4,0.2,798.34
10218,CUST-091,PROD-017,2023-01-10 00:00:00,5,0.1,118.08
10219,CUST-085,PROD-020,2023-01-10 02:00:00,7,0.0,961.66
10220,CUST-008,PROD-015,2033-01-07 03:00:00,2,0.0,543.1
10221,CUST-086,PROD-009,2023-01-10 04:00:00,5,0.2,1332.68
10222,CUST-035,PROD-017,2023-01-10 05:00:00,9,0.2,188.93
10223,CUST-067,PROD-007,2023-01-10 06:00:00,6,0.05,800.79
10224,CUST-062,PROD-006,2023-01-10 07:00:00,1,0.05,108.93
10225,CUST-086,PROD-012,2023-01-10 08:00:00,3,0.1,1268.49
10226,CUST-068,PROD-009,2023-01-10 09:00:00,6,0.2,1599.22
10227,CUST-059,PROD-009,2023-01-10 10:00:00,5,0.0,1665.85
10228,CUST-090,PROD-004,2023-01-10 11:00:00,2,0.05,637.51
10229,CUST-059,PROD-018,2023-01-10 12:00:00,5,0.2,1561.52
10230,CUST-066,PROD-012,2023-01-10 13:00:00,9,0.1,3805.46
10231,CUST-062,PROD-006,2023-01-10 14:00:00,2,0.05,217.85
10232,CUST-030,PROD-020,2023-01-10 15:00:00,4,0.0,549.52
10233,CUST-007,PROD-012,2023-01-10 16:00:00,5,0.05,2231.6
10234,CUST-084,PROD-019,2023-01-10 17:00:00,3,0.0,581.01
10235,CUST-999,PROD-016,2023-01-10 18:00:00,8,0.2,2737.98
10236,CUST-999,PROD-020,2023-01-10 19:00:00,7,0.05,913.58
10237,CUST-070,PROD-011,2023-01-10 20:00:00,9,0.05,2392.38
10238,CUST-043,PROD-011,2023-01-10 21:00:00,8,0.1,2014.63
10239,CUST-071,PROD-016,2023-01-10 22:00:00,7,0.2,
10240,CUST-022,PROD-005,2023-01-10 23:00:00,2,0.2,399.17
10241,CUST-057,PROD-016,2023-01-11 00:00:00,8,0.0,3422.48
10242,CUST-023,PROD-013,2023-01-11 01:00:00,4,0.1,924.98
10243,CUST-076,PROD-010,2023-01-11 02:00:00,6,0.1,314.33
10244,CUST-067,PROD-002,2023-01-11 03:00:00,4,0.05,1499.94
10245,CUST-070,PROD-019,2023-01-11 04:00:00,6,0.05,
10246,CUST-025,PROD-001,2023-01-11 05:00:00,7,0.1,1060.1
10247,CUST-033,PROD-010,2023-01-11 06:00:00,5,0.0,291.05
10248,CUST-090,PROD-019,2023-01-11 07:00:00,1,0.05,183.99
10249,CUST-007,PROD-015,2023-01-11 08:00:00,6,0.2,1303.44
10250,CUST-028,PROD-007,2023-01-11 09:00:00,2,0.2,224.78
10251,CUST-032,PROD-008,2023-01-11 10:00:00,2,0.05,357.77
10252,CUST-031,PROD-010,2023-01-11 11:00:00,8,0.1,419.11
10253,CUST-018,PROD-004,2023-01-11 12:00:00,1,0.1,301.98
10254,CUST-010,PROD-002,2023-01-11 13:00:00,2,0.05,749.97
10255,CUST-034,PROD-019,2023-01-11 14:00:00,1,0.0,193.67
10256,CUST-038,PROD-017,2023-01-11 15:00:00,9,0.0,236.16
10257,CUST-100,PROD-006,2023-01-11 16:00:00,9,0.05,980.34
10258,CUST-011,PROD-020,2023-01-11 17:00:00,0,0.0,0.0
10259,CUST-099,PROD-005,2023-01-11 18:00:00,3,0.05,711.02
10260,CUST-090,PROD-011,2023-01-11 19:00:00,1,0.05,265.82
10261,CUST-005,PROD-016,2023-01-11 20:00:00,4,0.1,1540.12
10262,CUST-062,PROD-009,2023-01-11 21:00:00,9,0.0,2998.53
10263,CUST-043,PROD-010,2023-01-11 22:00:00,4,0.0,232.84
10264,CUST-013,PROD-015,2023-01-11 23:00:00,8,0.1,1955.16
10265,CUST-003,PROD-017,2023-01-12 00:00:00,1,0.0,26.24
10266,CUST-072,PROD-006,2023-01-12 01:00:00,6,0.0,687.96
10267,CUST-091,PROD-017,2023-01-12 02:00:00,5,0.2,104.96
10268,CUST-063,PROD-001,2023-01-12 03:00:00,3,0.1,454.33
10269,CUST-030,PROD-010,2023-01-12 04:00:00,7,0.0,407.47
10270,CUST-003,PROD-001,2023-01-12 05:00:00,2,0.05,319.71
10271,CUST-050,PROD-012,2023-01-12 06:00:00,2,0.2,751.7
10272,CUST-033,PROD-010,2023-01-12 07:00:00,5,0.0,291.05
10273,CUST-054,PROD-003,2023-01-12 08:00:00,7,0.0,1115.52
10274,CUST-999,PROD-019,2023-01-12 09:00:00,2,0.05,367.97
10275,CUST-084,PROD-002,2023-01-12 10:00:00,5,0.1,1776.24
10276,CUST-091,PROD-004,2023-01-12 11:00:00,1,0.0,335.53
10277,CUST-999,PROD-013,2023-01-12 11:00:00,2,0.0,513.88
10278,CUST-012,PROD-018,2023-01-12 13:00:00,9,0.2,
10279,CUST-068,PROD-004,2023-01-12 14:00:00,9,0.2,2415.82
10280,CUST-071,PROD-011,2023-01-12 15:00:00,3,0.1,755.49
10281,CUST-008,PROD-014,2023-01-12 16:00:00,9,0.2,1365.77
10282,CUST-100,PROD-005,2023-01-12 17:00:00,9,0.2,1796.26
10283,CUST-095,PROD-013,2023-01-12 18:00:00,1,0.1,231.25
10284,CUST-033,PROD-017,2023-01-12 19:00:00,4,0.05,99.71
10285,CUST-048,PROD-008,2023-01-12 20:00:00,1,0.0,188.3
10286,CUST-042,PROD-015,2023-01-12 21:00:00,7,0.05,1805.81
10287,CUST-046,PROD-013,2023-01-12 22:00:00,5,0.2,1027.76
10288,CUST-075,PROD-020,2023-01-12 23:00:00,1,0.1,123.64
10289,CUST-067,PROD-008,2023-01-13 00:00:00,4,0.1,677.88
10290,CUST-080,PROD-010,2023-01-13 01:00:00,2,0.0,116.42
10291,CUST-063,PROD-004,2023-01-13 02:00:00,1,0.0,335.53
10292,CUST-026,PROD-016,2023-01-13 03:00:00,7,0.1,
10293,CUST-074,PROD-001,2023-01-13 04:00:00,5,0.2,673.08
10294,CUST-084,PROD-015,2023-01-13 05:00:00,-3,0.05,-773.92
10295,CUST-095,PROD-003,2023-01-13 06:00:00,6,0.05,908.35
10296,CUST-026,PROD-011,2023-01-13 07:00:00,6,0.05,1594.92
10297,CUST-084,PROD-001,2023-01-13 08:00:00,2,0.2,269.23
10298,CUST-071,PROD-014,2023-01-13 09:00:00,2,0.0,379.38
10299,CUST-045,PROD-020,2023-01-13 10:00:00,1,0.05,130.51
10300,CUST-031,PROD-016,2023-01-13 11:00:00,6,0.2,2053.49
10301,CUST-074,PROD-010,2023-01-13 12:00:00,8,0.2,372.54
10302,CUST-015,PROD-001,2023-01-13 13:00:00,8,0.2,1076.93
10303,CUST-011,PROD-012,2023-01-13 14:00:00,1,0.2,375.85
10304,CUST-063,PROD-011,2023-01-13 15:00:00,4,0.0,1119.24
10305,CUST-034,PROD-015,2023-01-13 16:00:00,1,0.0,271.55
10306,CUST-083,PROD-020,2023-01-13 17:00:00,5,0.05,652.55
10307,CUST-087,PROD-015,2023-01-13 18:00:00,9,0.1,2199.56
10308,CUST-012,PROD-017,2023-01-13 19:00:00,4,0.2,83.97
10309,CUST-016,PROD-019,2023-01-13 20:00:00,6,0.2,
10310,CUST-084,PROD-015,2023-01-13 21:00:00,2,0.05,515.95
10311,CUST-003,PROD-010,2023-01-13 22:00:00,8,0.2,372.54
10312,CUST-098,PROD-019,2023-01-13 23:00:00,2,0.2,309.87
10313,CUST-057,PROD-007,2023-01-14 00:00:00,5,0.2,
10314,CUST-054,PROD-004,2023-01-14 01:00:00,4,0.0,1342.12
10315,CUST-062,PROD-012,2023-01-14 02:00:00,3,0.1,1268.49
10316,CUST-074,PROD-006,2023-01-14 03:00:00,4,0.1,412.78
10317,CUST-010,PROD-019,2023-01-14 04:00:00,9,0.0,1743.03
10318,CUST-031,PROD-014,2023-01-14 05:00:00,2,0.0,379.38
10319,CUST-025,PROD-004,2023-01-14 06:00:00,3,0.05,956.26
10320,CUST-060,PROD-007,2023-01-14 07:00:00,9,0.1,1137.97
10321,CUST-019,PROD-007,2023-01-14 08:00:00,7,0.1,885.09
10322,CUST-087,PROD-011,2023-01-14 09:00:00,9,0.05,2392.38
10323,CUST-100,PROD-018,2023-01-14 10:00:00,3,0.0,1171.14
10324,CUST-093,PROD-017,2023-01-14 11:00:00,6,0.0,157.44
10325,CUST-055,PROD-009,2023-01-14 12:00:00,6,0.1,1799.12
10326,CUST-057,PROD-013,2023-01-14 13:00:00,9,0.0,
10327,CUST-030,PROD-018,2023-01-14 14:00:00,1,0.2,312.3
10328,CUST-021,PROD-014,2023-01-14 15:00:00,7,0.1,1195.05
10329,CUST-083,PROD-017,2023-01-14 16:00:00,5,0.1,118.08
10330,CUST-047,PROD-005,2023-01-14 17:00:00,4,0.0,997.92
10331,CUST-056,PROD-001,2023-01-14 18:00:00,2,0.1,302.89
10332,CUST-056,PROD-002,2023-01-14 19:00:00,5,0.05,1874.92
10333,CUST-096,PROD-020,2023-01-14 20:00:00,8,0.2,879.23
10334,CUST-056,PROD-013,2023-01-14 21:00:00,8,0.05,1952.74
10335,CUST-077,PROD-007,2023-01-14 22:00:00,6,0.0,842.94
10336,CUST-010,PROD-007,2023-01-14 23:00:00,9,0.0,1264.41
10337,CUST-078,PROD-018,2023-01-15 00:00:00,5,0.1,1756.71
10338,CUST-069,PROD-020,2023-01-15 01:00:00,9,0.05,1174.6
10339,CUST-058,PROD-019,2023-01-15 02:00:00,7,0.1,1220.12
10340,CUST-072,PROD-003,2023-01-15 03:00:00,9,0.05,1362.53
10341,CUST-075,PROD-012,2023-01-15 04:00:00,2,0.0,939.62
10342,CUST-064,PROD-013,2023-01-15 05:00:00,4,0.05,976.37
10343,CUST-089,PROD-020,2023-01-15 06:00:00,2,0.1,
10344,CUST-096,PROD-010,2023-01-15 07:00:00,7,0.1,366.72
10345,CUST-092,PROD-003,2023-01-15 08:00:00,1,0.05,151.39
10346,CUST-100,PROD-017,2033-01-12 09:00:00,6,0.05,149.57
10347,CUST-033,PROD-012,2023-01-15 10:00:00,4,0.0,1879.24
10348,CUST-022,PROD-018,2023-01-15 11:00:00,7,0.1,2459.39
10349,CUST-066,PROD-010,2023-01-15 12:00:00,1,0.2,46.57
10350,CUST-010,PROD-019,2023-01-15 13:00:00,1,0.0,193.67
10351,CUST-013,PROD-011,2023-01-15 14:00:00,1,0.2,223.85
10352,CUST-012,PROD-002,2023-01-15 15:00:00,8,0.2,2526.21
10353,CUST-019,PROD-005,2023-01-15 16:00:00,4,0.2,798.34
10354,CUST-075,PROD-005,2023-01-15 17:00:00,4,0.0,997.92
10355,CUST-009,PROD-020,2023-01-15 18:00:00,3,0.05,391.53
10356,CUST-049,PROD-008,2023-01-15 19:00:00,4,0.05,715.54
10357,CUST-028,PROD-017,2023-01-15 20:00:00,6,0.05,149.57
10358,CUST-098,PROD-016,2023-01-15 21:00:00,1,0.1,385.03
10359,CUST-011,PROD-017,2023-01-15 22:00:00,6,0.0,157.44
10360,CUST-067,PROD-020,2023-01-15 23:00:00,4,0.2,439.62
10361,CUST-054,PROD-010,2023-01-16 00:00:00,7,0.05,387.1
10362,CUST-096,PROD-006,2023-01-16 01:00:00,7,0.0,802.62
10363,CUST-051,PROD-011,2023-01-16 02:00:00,8,0.2,1790.78
10364,CUST-053,PROD-003,2023-01-16 03:00:00,1,0.05,151.39
10365,CUST-043,PROD-004,2023-01-16 04:00:00,4,0.1,1207.91
10366,CUST-027,PROD-017,2023-01-16 05:00:00,4,0.0,104.96
10367,CUST-050,PROD-015,2023-01-16 06:00:00,6,0.1,1466.37
10368,CUST-061,PROD-019,2023-01-16 07:00:00,4,0.1,697.21
10369,CUST-069,PROD-013,2023-01-16 08:00:00,7,0.05,1708.65
10370,CUST-008,PROD-016,2023-01-16 09:00:00,6,0.2,
10371,CUST-072,PROD-007,2023-01-16 10:00:00,3,0.1,379.32
10372,CUST-039,PROD-012,2023-01-16 11:00:00,7,0.1,2959.8
10373,CUST-074,PROD-006,2023-01-16 12:00:00,7,0.05,762.49
10374,CUST-052,PROD-010,2023-01-16 13:00:00,9,0.05,497.7
10375,CUST-091,PROD-006,2023-01-16 14:00:00,1,0.1,103.19
10376,CUST-070,PROD-005,2023-01-16 15:00:00,4,0.2,798.34
10377,CUST-017,PROD-012,2023-01-16 16:00:00,7,0.1,2959.8
10378,CUST-097,PROD-014,2023-01-16 17:00:00,3,0.2,455.26
10379,CUST-047,PROD-004,2023-01-16 18:00:00,5,0.05,1593.77
10380,CUST-060,PROD-008,2023-01-16 19:00:00,-3,0.05,-536.66
10381,CUST-083,PROD-010,2023-01-16 20:00:00,2,0.1,104.78
10382,CUST-025,PROD-013,2023-01-16 21:00:00,-7,0.1,-1618.72
10383,CUST-077,PROD-006,2023-01-16 22:00:00,6,0.05,
10384,CUST-071,PROD-005,2023-01-16 23:00:00,9,0.1,
10385,CUST-999,PROD-008,2023-01-17 00:00:00,8,0.2,1205.12
10386,CUST-072,PROD-018,2023-01-17 01:00:00,8,0.0,3123.04
10387,CUST-078,PROD-009,2023-01-17 02:00:00,8,0.05,2532.09
10388,CUST-069,PROD-014,2023-01-17 03:00:00,2,0.2,303.5
10389,CUST-015,PROD-010,2023-01-17 04:00:00,8,0.1,419.11
10390,CUST-088,PROD-013,2023-01-17 05:00:00,7,0.1,1618.72
10391,CUST-084,PROD-011,2023-01-17 06:00:00,7,0.2,
10392,CUST-026,PROD-018,2023-01-17 07:00:00,1,0.1,351.34
10393,CUST-034,PROD-019,2023-01-17 08:00:00,9,0.2,1394.42
10394,CUST-010,PROD-006,2023-01-17 09:00:00,3,0.2,275.18
10395,CUST-059,PROD-003,2023-01-17 10:00:00,7,0.0,1115.52
10396,CUST-002,PROD-020,2023-01-17 11:00:00,9,0.2,
10397,CUST-062,PROD-014,2023-01-17 12:00:00,4,0.1,
10398,CUST-999,PROD-009,2023-01-17 13:00:00,3,0.1,899.56
10399,CUST-023,PROD-019,2023-01-17 14:00:00,6,0.1,1045.82
10400,CUST-034,PROD-011,2023-01-17 15:00:00,6,0.05,1594.92
10401,CUST-002,PROD-019,2023-01-17 15:00:00,6,0.1,1045.82
10402,CUST-071,PROD-020,2023-01-17 17:00:00,5,0.0,686.9
10403,CUST-083,PROD-005,2023-01-17 18:00:00,9,0.2,1796.26
10404,CUST-008,PROD-011,2023-01-17 19:00:00,8,0.05,2126.56
10405,CUST-068,PROD-015,2023-01-17 20:00:00,1,0.0,271.55
10406,CUST-044,PROD-011,2023-01-17 21:00:00,1,0.05,
10407,CUST-078,PROD-018,2023-01-17 22:00:00,3,0.1,
10408,CUST-018,PROD-019,2023-01-17 23:00:00,2,0.05,367.97
10409,CUST-100,PROD-015,2023-01-18 00:00:00,8,0.1,1955.16
10410,CUST-090,PROD-019,2023-01-18 01:00:00,-4,0.2,-619.74
10411,CUST-019,PROD-016,2023-01-18 02:00:00,3,0.1,1155.09
10412,CUST-004,PROD-011,2023-01-18 03:00:00,4,0.0,1119.24
10413,CUST-045,PROD-008,2023-01-18 04:00:00,9,0.0,1694.7
10414,CUST-999,PROD-004,2023-01-18 05:00:00,4,0.0,1342.12
10415,CUST-045,PROD-003,2023-01-18 06:00:00,4,0.2,509.95
10416,CUST-044,PROD-011,2023-01-18 07:00:00,6,0.0,1678.86
10417,CUST-001,PROD-010,2023-01-18 08:00:00,9,0.0,523.89
10418,CUST-043,PROD-017,2023-01-18 09:00:00,6,0.0,157.44
10419,CUST-068,PROD-020,2023-01-18 10:00:00,2,0.1,247.28
10420,CUST-098,PROD-001,2023-01-18 11:00:00,9,0.1,1362.99
10421,CUST-006,PROD-014,2023-01-18 12:00:00,3,0.05,540.62
10422,CUST-026,PROD-005,2023-01-18 13:00:00,7,0.0,1746.36
10423,CUST-064,PROD-003,2023-01-18 14:00:00,3,0.05,454.18
10424,CUST-072,PROD-002,2023-01-18 15:00:00,3,0.05,
10425,CUST-009,PROD-006,2023-01-18 16:00:00,8,0.0,917.28
10426,CUST-053,PROD-009,2023-01-18 17:00:00,1000,0.0,333170.0
10427,CUST-015,PROD-008,2023-01-18 18:00:00,3,0.05,536.66
10428,CUST-086,PROD-015,2023-01-18 19:00:00,8,0.2,1737.92
10429,CUST-016,PROD-005,2023-01-18 20:00:00,6,0.05,1422.04
10430,CUST-009,PROD-011,2023-01-18 21:00:00,9,0.1,2266.46
10431,CUST-036,PROD-006,2023-01-18 22:00:00,5,0.0,573.3
10432,CUST-021,PROD-006,2023-01-18 23:00:00,9,0.1,928.75
10433,CUST-026,PROD-002,2023-01-19 00:00:00,1,0.05,374.98
10434,CUST-044,PROD-006,2023-01-19 01:00:00,6,0.2,
10435,CUST-037,PROD-002,2023-01-19 02:00:00,8,0.2,2526.21
10436,CUST-086,PROD-001,2023-01-19 03:00:00,5,0.2,673.08
10437,CUST-080,PROD-008,2023-01-19 04:00:00,8,0.1,1355.76
10438,CUST-049,PROD-020,2023-01-19 05:00:00,0,0.0,
10439,CUST-003,PROD-015,2023-01-19 06:00:00,1,0.1,244.4
10440,CUST-078,PROD-015,2023-01-19 06:00:00,1,0.0,
10441,CUST-006,PROD-009,2023-01-19 08:00:00,4,0.2,1066.14
10442,CUST-085,PROD-012,2023-01-19 09:00:00,3,0.2,1127.54
10443,CUST-048,PROD-015,2023-01-19 10:00:00,7,0.0,1900.85
10444,CUST-049,PROD-006,2023-01-19 11:00:00,4,0.0,458.64
10445,CUST-098,PROD-011,2023-01-19 11:00:00,1,0.05,265.82
10446,CUST-020,PROD-016,2023-01-19 13:00:00,3,0.2,1026.74
10447,CUST-017,PROD-007,2023-01-19 14:00:00,5,0.05,667.33
10448,CUST-033,PROD-004,2023-01-19 15:00:00,1,0.2,268.42
10449,CUST-095,PROD-002,2023-01-19 16:00:00,3,0.05,1124.95
10450,CUST-067,PROD-008,2023-01-19 17:00:00,2,0.2,301.28
10451,CUST-052,PROD-017,2023-01-19 18:00:00,9,0.2,188.93
10452,CUST-027,PROD-008,2023-01-19 19:00:00,6,0.0,1129.8
10453,CUST-033,PROD-016,2023-01-19 20:00:00,4,0.0,1711.24
10454,CUST-068,PROD-004,2023-01-19 21:00:00,4,0.0,1342.12
10455,CUST-054,PROD-005,2023-01-19 22:00:00,8,0.2,1596.67
10456,CUST-088,PROD-008,2023-01-19 23:00:00,8,0.1,1355.76
10457,CUST-028,PROD-010,2023-01-20 00:00:00,9,0.2,419.11
10458,CUST-079,PROD-005,2023-01-20 01:00:00,2,0.0,498.96
10459,CUST-020,PROD-010,2023-01-20 02:00:00,7,0.2,325.98
10460,CUST-043,PROD-007,2023-01-20 03:00:00,9,0.0,1264.41
10461,CUST-074,PROD-002,2023-01-20 04:00:00,5,0.05,1874.92
10462,CUST-087,PROD-015,2023-01-20 05:00:00,2,0.1,488.79
10463,CUST-017,PROD-019,2023-01-20 06:00:00,2,0.0,387.34
10464,CUST-040,PROD-014,2023-01-20 07:00:00,-1,0.05,-180.21
10465,CUST-008,PROD-009,2023-01-20 08:00:00,8,0.05,2532.09
10466,CUST-072,PROD-012,2023-01-20 09:00:00,6,0.2,
10467,CUST-080,PROD-018,2023-01-20 10:00:00,4,0.1,1405.37
10468,CUST-088,PROD-017,2023-01-20 11:00:00,8,0.0,
10469,CUST-024,PROD-017,2023-01-20 12:00:00,4,0.0,
10470,CUST-019,PROD-019,2023-01-20 13:00:00,-5,0.2,-774.68
10471,CUST-031,PROD-006,2023-01-20 14:00:00,5,0.2,458.64
10472,CUST-026,PROD-002,2023-01-20 15:00:00,6,0.2,1894.66
10473,CUST-087,PROD-010,2023-01-20 16:00:00,6,0.0,349.26
10474,CUST-030,PROD-007,2023-01-20 17:00:00,2,0.1,
10475,CUST-022,PROD-017,2023-01-20 18:00:00,2,0.05,49.86
10476,CUST-055,PROD-002,2023-01-20 19:00:00,6,0.2,
10477,CUST-015,PROD-004,2023-01-20 20:00:00,3,0.05,
10478,CUST-066,PROD-004,2023-01-20 21:00:00,4,0.2,1073.7
10479,CUST-034,PROD-018,2023-01-20 22:00:00,9,0.05,3337.75
10480,CUST-067,PROD-007,2023-01-20 23:00:00,4,0.1,505.76
10481,CUST-087,PROD-019,2023-01-21 00:00:00,7,0.2,1084.55
10482,CUST-068,PROD-020,2023-01-21 01:00:00,9,0.05,1174.6
10483,CUST-087,PROD-004,2033-01-18 02:00:00,2,0.05,637.51
10484,CUST-006,PROD-011,2023-01-21 03:00:00,1,0.2,223.85
10485,CUST-093,PROD-005,2023-01-21 04:00:00,2,0.0,498.96
10486,CUST-061,PROD-019,2023-01-21 05:00:00,8,0.1,1394.42
10487,CUST-082,PROD-018,2023-01-21 06:00:00,9,0.2,2810.74
10488,CUST-093,PROD-001,2023-01-21 07:00:00,1,0.1,151.44
10489,CUST-020,PROD-013,2023-01-21 08:00:00,2,0.1,462.49
10490,CUST-074,PROD-019,2023-01-21 09:00:00,1,0.0,193.67
10491,CUST-047,PROD-009,2023-01-21 10:00:00,7,0.0,2332.19
10492,CUST-100,PROD-014,2023-01-21 11:00:00,2,0.2,303.5
10493,CUST-090,PROD-012,2023-01-21 12:00:00,3,0.2,1127.54
10494,CUST-012,PROD-019,2023-01-21 13:00:00,4,0.2,619.74
10495,CUST-066,PROD-019,2023-01-21 14:00:00,4,0.1,697.21
10496,CUST-094,PROD-001,2023-01-21 15:00:00,8,0.2,1076.93
10497,CUST-070,PROD-015,2023-01-21 16:00:00,3,0.1,733.18
10498,CUST-027,PROD-008,2023-01-21 17:00:00,6,0.05,1073.31
10499,CUST-083,PROD-003,2023-01-21 18:00:00,8,0.0,1274.88
10500,CUST-058,PROD-020,2023-01-21 19:00:00,1,0.2,109.9
10501,CUST-053,PROD-012,2023-01-21 20:00:00,-7,0.1,-2959.8
10502,CUST-049,PROD-007,2023-01-21 21:00:00,3,0.0,421.47
10503,CUST-077,PROD-001,2023-01-21 22:00:00,2,0.05,319.71
10504,CUST-023,PROD-020,2023-01-21 23:00:00,6,0.05,783.07
10505,CUST-045,PROD-013,2023-01-22 00:00:00,9,0.1,2081.21
10506,CUST-029,PROD-007,2023-01-22 01:00:00,9,0.05,1201.19
10507,CUST-041,PROD-017,2023-01-22 02:00:00,8,0.1,188.93
10508,CUST-027,PROD-007,2023-01-22 03:00:00,7,0.2,786.74
10509,CUST-076,PROD-007,2023-01-22 04:00:00,1000,0.1,126441.0
10510,CUST-083,PROD-003,2023-01-22 05:00:00,4,0.2,509.95
10511,CUST-082,PROD-004,2023-01-22 06:00:00,5,0.2,1342.12
10512,CUST-083,PROD-005,2023-01-22 07:00:00,7,0.2,1397.09
10513,CUST-093,PROD-015,2023-01-22 08:00:00,6,0.05,1547.84
10514,CUST-037,PROD-003,2023-01-22 09:00:00,1,0.2,127.49
10515,CUST-056,PROD-007,2023-01-22 10:00:00,5,0.2,
10516,CUST-078,PROD-020,2023-01-22 11:00:00,8,0.0,1099.04
10517,CUST-068,PROD-003,2023-01-22 12:00:00,7,0.05,1059.74
10518,CUST-087,PROD-014,2023-01-22 13:00:00,3,0.1,512.16
10519,CUST-044,PROD-005,2023-01-22 14:00:00,6,0.0,1496.88
10520,CUST-031,PROD-008,2023-01-22 15:00:00,6,0.05,1073.31
10521,CUST-007,PROD-005,2023-01-22 16:00:00,2,0.0,498.96
10522,CUST-080,PROD-007,2023-01-22 17:00:00,9,0.1,1137.97
10523,CUST-010,PROD-011,2023-01-22 18:00:00,7,0.05,1860.74
10524,CUST-047,PROD-012,2023-01-22 19:00:00,2,0.0,939.62
10525,CUST-014,PROD-007,2033-01-19 20:00:00,2,0.0,280.98
10526,CUST-076,PROD-017,2023-01-22 21:00:00,3,0.05,74.78
10527,CUST-078,PROD-008,2023-01-22 22:00:00,8,0.0,1506.4
10528,CUST-031,PROD-002,2023-01-22 23:00:00,9,0.0,3552.48
10529,CUST-065,PROD-006,2023-01-23 00:00:00,3,0.1,309.58
10530,CUST-073,PROD-017,2023-01-23 01:00:00,4,0.05,
10531,CUST-033,PROD-014,2023-01-23 02:00:00,5,0.05,901.03
10532,CUST-041,PROD-019,2023-01-23 03:00:00,1,0.0,193.67
10533,CUST-065,PROD-005,2023-01-23 04:00:00,4,0.1,898.13
10534,CUST-078,PROD-019,2023-01-23 05:00:00,3,0.0,581.01
10535,CUST-013,PROD-013,2023-01-23 06:00:00,3,0.1,693.74
10536,CUST-007,PROD-011,2023-01-23 07:00:00,3,0.05,797.46
10537,CUST-049,PROD-011,2023-01-23 08:00:00,8,0.05,2126.56
10538,CUST-017,PROD-016,2023-01-23 09:00:00,8,0.1,3080.23
10539,CUST-004,PROD-002,2023-01-23 10:00:00,2,0.0,789.44
10540,CUST-026,PROD-006,2023-01-23 11:00:00,6,0.1,619.16
10541,CUST-034,PROD-013,2023-01-23 12:00:00,5,0.2,1027.76
10542,CUST-055,PROD-011,2023-01-23 13:00:00,5,0.1,1259.14
10543,CUST-048,PROD-007,2023-01-23 14:00:00,-2,0.1,-252.88
10544,CUST-040,PROD-005,2023-01-23 15:00:00,4,0.05,948.02
10545,CUST-032,PROD-005,2023-01-23 16:00:00,6,0.05,1422.04
10546,CUST-068,PROD-016,2023-01-23 17:00:00,4,0.05,
10547,CUST-024,PROD-012,2023-01-23 18:00:00,5,0.1,2114.15
10548,CUST-066,PROD-016,2023-01-23 19:00:00,9,0.2,3080.23
10549,CUST-047,PROD-008,2023-01-23 20:00:00,7,0.0,1318.1
10550,CUST-068,PROD-020,2023-01-23 21:00:00,6,0.1,741.85
10551,CUST-048,PROD-006,2023-01-23 22:00:00,6,0.0,687.96
10552,CUST-017,PROD-020,2023-01-23 23:00:00,7,0.05,913.58
10553,CUST-012,PROD-002,2023-01-24 00:00:00,3,0.1,1065.74
10554,CUST-008,PROD-006,2023-01-24 01:00:00,8,0.2,733.82
10555,CUST-029,PROD-003,2023-01-24 02:00:00,2,0.05,302.78
10556,CUST-100,PROD-018,2023-01-24 03:00:00,6,0.05,
10557,CUST-091,PROD-016,2033-01-21 04:00:00,6,0.0,2566.86
10558,CUST-999,PROD-008,2023-01-24 05:00:00,6,0.05,1073.31
10559,CUST-007,PROD-003,2023-01-24 06:00:00,5,0.05,
10560,CUST-082,PROD-014,2023-01-24 07:00:00,2,0.2,303.5
10561,CUST-046,PROD-008,2023-01-24 08:00:00,4,0.05,715.54
10562,CUST-999,PROD-001,2023-01-24 09:00:00,8,0.1,1211.54
10563,CUST-025,PROD-013,2023-01-24 10:00:00,6,0.0,1541.64
10564,CUST-060,PROD-017,2023-01-24 11:00:00,9,0.2,188.93
10565,CUST-013,PROD-001,2023-01-24 12:00:00,3,0.05,479.57
10566,CUST-022,PROD-007,2023-01-24 13:00:00,5,0.1,632.21
10567,CUST-085,PROD-011,2023-01-24 14:00:00,4,0.0,1119.24
10568,CUST-010,PROD-011,2023-01-24 15:00:00,8,0.0,
10569,CUST-098,PROD-002,2023-01-24 16:00:00,1,0.2,315.78
10570,CUST-068,PROD-016,2023-01-24 17:00:00,6,0.0,2566.86
10571,CUST-070,PROD-014,2023-01-24 18:00:00,4,0.05,
10572,CUST-062,PROD-012,2023-01-24 19:00:00,1,0.1,422.83
10573,CUST-018,PROD-019,2023-01-24 20:00:00,5,0.05,
10574,CUST-099,PROD-011,2023-01-24 21:00:00,6,0.0,1678.86
10575,CUST-051,PROD-008,2023-01-24 22:00:00,5,0.0,941.5
10576,CUST-037,PROD-015,2023-01-24 23:00:00,7,0.0,1900.85
10577,CUST-085,PROD-005,2023-01-24 23:00:00,7,0.05,
10578,CUST-057,PROD-002,2023-01-25 01:00:00,8,0.05,
10579,CUST-049,PROD-001,2023-01-25 02:00:00,1000,0.2,134616.0
10580,CUST-030,PROD-004,2023-01-25 03:00:00,6,0.1,1811.86
10581,CUST-012,PROD-003,2023-01-25 04:00:00,4,0.2,
10582,CUST-028,PROD-015,2023-01-25 05:00:00,9,0.1,2199.56
10583,CUST-014,PROD-007,2023-01-25 06:00:00,3,0.05,400.4
10584,CUST-046,PROD-003,2023-01-25 07:00:00,8,0.1,
10585,CUST-052,PROD-012,2023-01-25 08:00:00,6,0.0,2818.86
10586,CUST-027,PROD-008,2023-01-25 09:00:00,5,0.2,753.2
10587,CUST-046,PROD-007,2023-01-25 10:00:00,8,0.1,1011.53
10588,CUST-099,PROD-013,2023-01-25 11:00:00,9,0.0,2312.46
10589,CUST-026,PROD-006,2023-01-25 12:00:00,9,0.2,825.55
10590,CUST-027,PROD-018,2023-01-25 13:00:00,1,0.05,370.86
10591,CUST-017,PROD-018,2023-01-25 14:00:00,2,0.0,780.76
10592,CUST-082,PROD-005,2023-01-25 15:00:00,2,0.0,498.96
10593,CUST-055,PROD-015,2023-01-25 16:00:00,7,0.1,1710.76
10594,CUST-051,PROD-017,2023-01-25 17:00:00,1,0.0,26.24
10595,CUST-076,PROD-005,2023-01-25 18:00:00,8,0.05,1896.05
10596,CUST-030,PROD-020,2023-01-25 19:00:00,1,0.05,130.51
10597,CUST-063,PROD-010,2023-01-25 20:00:00,8,0.1,419.11
10598,CUST-072,PROD-002,2023-01-25 21:00:00,1,0.05,374.98
10599,CUST-067,PROD-008,2023-01-25 22:00:00,8,0.2,1205.12
10600,CUST-999,PROD-006,2023-01-25 23:00:00,8,0.1,825.55
10601,CUST-021,PROD-020,2023-01-26 00:00:00,3,0.0,412.14
10602,CUST-067,PROD-009,2023-01-26 01:00:00,3,0.1,899.56
10603,CUST-059,PROD-017,2023-01-26 02:00:00,6,0.2,125.95
10604,CUST-050,PROD-016,2023-01-26 03:00:00,7,0.1,2695.2
10605,CUST-048,PROD-008,2023-01-26 04:00:00,4,0.05,715.54
10606,CUST-079,PROD-001,2023-01-26 05:00:00,4,0.1,605.77
10607,CUST-040,PROD-008,2023-01-26 06:00:00,4,0.1,677.88
10608,CUST-062,PROD-015,2023-01-26 07:00:00,2,0.1,488.79
10609,CUST-072,PROD-012,2023-01-26 08:00:00,5,0.2,1879.24
10610,CUST-081,PROD-013,2023-01-26 09:00:00,1,0.0,256.94
10611,CUST-085,PROD-012,2023-01-26 10:00:00,6,0.0,2818.86
10612,CUST-056,PROD-008,2023-01-26 11:00:00,6,0.2,903.84
10613,CUST-027,PROD-009,2023-01-26 12:00:00,3,0.1,899.56
10614,CUST-022,PROD-019,2023-01-26 13:00:00,7,0.1,1220.12
10615,CUST-084,PROD-012,2023-01-26 14:00:00,4,0.05,1785.28
10616,CUST-088,PROD-009,2023-01-26 15:00:00,9,0.0,2998.53
10617,CUST-050,PROD-016,2023-01-26 16:00:00,3,0.2,1026.74
10618,CUST-012,PROD-010,2023-01-26 17:00:00,2,0.2,93.14
10619,CUST-032,PROD-003,2023-01-26 18:00:00,6,0.0,956.16
10620,CUST-050,PROD-003,2023-01-26 19:00:00,7,0.1,1003.97
10621,CUST-006,PROD-001,2023-01-26 20:00:00,3,0.0,504.81
10622,CUST-069,PROD-020,2023-01-26 21:00:00,7,0.2,769.33
10623,CUST-097,PROD-009,2023-01-26 22:00:00,1,0.05,316.51
10624,CUST-078,PROD-009,2023-01-26 23:00:00,8,0.1,2398.82
10625,CUST-030,PROD-020,2023-01-27 00:00:00,9,0.2,989.14
10626,CUST-022,PROD-010,2033-01-24 01:00:00,-4,0.0,-232.84
10627,CUST-031,PROD-008,2023-01-27 02:00:00,3,0.0,564.9
10628,CUST-003,PROD-014,2023-01-27 03:00:00,5,0.2,758.76
10629,CUST-047,PROD-010,2023-01-27 04:00:00,1,0.1,52.39
10630,CUST-082,PROD-012,2023-01-27 05:00:00,2,0.1,845.66
10631,CUST-021,PROD-008,2023-01-27 06:00:00,4,0.05,715.54
10632,CUST-046,PROD-008,2023-01-27 07:00:00,4,0.05,715.54
10633,CUST-090,PROD-011,2023-01-27 08:00:00,3,0.05,797.46
10634,CUST-004,PROD-014,2023-01-27 09:00:00,1,0.0,189.69
10635,CUST-017,PROD-005,2023-01-27 10:00:00,6,0.2,1197.5
10636,CUST-097,PROD-018,2023-01-27 11:00:00,4,0.05,1483.44
10637,CUST-019,PROD-009,2023-01-27 12:00:00,4,0.05,1266.05
10638,CUST-043,PROD-019,2023-01-27 13:00:00,3,0.2,464.81
10639,CUST-053,PROD-002,2023-01-27 14:00:00,6,0.1,2131.49
10640,CUST-093,PROD-007,2023-01-27 15:00:00,1,0.05,133.47
10641,CUST-068,PROD-012,2023-01-27 16:00:00,8,0.2,3006.78
10642,CUST-082,PROD-011,2023-01-27 17:00:00,4,0.1,
10643,CUST-037,PROD-015,2023-01-27 18:00:00,2,0.1,488.79
10644,CUST-069,PROD-016,2023-01-27 19:00:00,7,0.05,2844.94
10645,CUST-048,PROD-015,2023-01-27 20:00:00,9,0.1,2199.56
10646,CUST-018,PROD-003,2023-01-27 21:00:00,8,0.1,1147.39
10647,CUST-045,PROD-008,2023-01-27 22:00:00,7,0.0,1318.1
10648,CUST-038,PROD-009,2023-01-27 23:00:00,6,0.2,1599.22
10649,CUST-057,PROD-017,2023-01-28 00:00:00,8,0.05,199.42
10650,CUST-090,PROD-004,2023-01-28 01:00:00,8,0.1,2415.82
10651,CUST-018,PROD-018,2023-01-28 02:00:00,4,0.1,1405.37
10652,CUST-007,PROD-005,2023-01-28 03:00:00,7,0.1,1571.72
10653,CUST-999,PROD-020,2023-01-28 04:00:00,1,0.1,123.64
10654,CUST-020,PROD-020,2023-01-28 05:00:00,3,0.0,412.14
10655,CUST-030,PROD-016,2023-01-28 06:00:00,4,0.05,1625.68
10656,CUST-071,PROD-004,2023-01-28 07:00:00,9,0.0,3019.77
10657,CUST-092,PROD-020,2023-01-28 08:00:00,8,0.1,989.14
10658,CUST-046,PROD-016,2023-01-28 09:00:00,7,0.2,2395.74
10659,CUST-007,PROD-016,2023-01-28 10:00:00,8,0.2,2737.98
10660,CUST-080,PROD-003,2023-01-28 11:00:00,9,0.1,1290.82
10661,CUST-080,PROD-016,2023-01-28 12:00:00,9,0.1,3465.26
10662,CUST-004,PROD-017,2023-01-28 13:00:00,5,0.05,124.64
10663,CUST-057,PROD-001,2023-01-28 14:00:00,7,0.1,1060.1
10664,CUST-023,PROD-012,2023-01-28 15:00:00,0,0.2,0.0
10665,CUST-013,PROD-019,2023-01-28 16:00:00,5,0.0,968.35
10666,CUST-059,PROD-006,2023-01-28 17:00:00,2,0.1,206.39
10667,CUST-012,PROD-003,2023-01-28 18:00:00,4,0.0,637.44
10668,CUST-047,PROD-001,2023-01-28 19:00:00,4,0.0,673.08
10669,CUST-076,PROD-017,2023-01-28 20:00:00,5,0.2,104.96
10670,CUST-048,PROD-005,2023-01-28 21:00:00,8,0.0,1995.84
10671,CUST-016,PROD-009,2023-01-28 22:00:00,7,0.1,
10672,CUST-025,PROD-005,2023-01-28 23:00:00,4,0.0,997.92
10673,CUST-035,PROD-016,2023-01-29 00:00:00,2,0.2,684.5
10674,CUST-007,PROD-010,2023-01-29 01:00:00,7,0.0,407.47
10675,CUST-053,PROD-006,2023-01-29 02:00:00,9,0.05,980.34
10676,CUST-006,PROD-016,2023-01-29 03:00:00,2,0.2,684.5
10677,CUST-031,PROD-016,2023-01-29 04:00:00,9,0.1,3465.26
10678,CUST-095,PROD-010,2023-01-29 05:00:00,7,0.1,366.72
10679,CUST-012,PROD-008,2023-01-29 06:00:00,1,0.05,178.88
10680,CUST-079,PROD-016,2023-01-29 07:00:00,4,0.0,1711.24
10681,CUST-023,PROD-018,2023-01-29 08:00:00,7,0.0,2732.66
10682,CUST-011,PROD-013,2023-01-29 09:00:00,7,0.1,1618.72
10683,CUST-079,PROD-013,2023-01-29 10:00:00,5,0.1,1156.23
10684,CUST-042,PROD-020,2023-01-29 11:00:00,6,0.1,741.85
10685,CUST-007,PROD-006,2023-01-29 12:00:00,9,0.05,980.34
10686,CUST-028,PROD-020,2023-01-29 13:00:00,6,0.1,741.85
10687,CUST-069,PROD-016,2023-01-29 14:00:00,9,0.2,
10688,CUST-059,PROD-004,2023-01-29 15:00:00,-4,0.0,-1342.12
10689,CUST-091,PROD-001,2023-01-29 16:00:00,7,0.2,942.31
10690,CUST-058,PROD-001,2023-01-29 17:00:00,3,0.05,
10691,CUST-062,PROD-002,2023-01-29 18:00:00,8,0.05,2999.87
10692,CUST-999,PROD-006,2023-01-29 19:00:00,8,0.1,825.55
10693,CUST-028,PROD-020,2023-01-29 20:00:00,2,0.05,261.02
10694,CUST-049,PROD-006,2023-01-29 21:00:00,5,0.0,
10695,CUST-031,PROD-011,2023-01-29 22:00:00,2,0.2,447.7
10696,CUST-016,PROD-019,2023-01-29 23:00:00,4,0.05,735.95
10697,CUST-017,PROD-011,2023-01-30 00:00:00,2,0.05,531.64
10698,CUST-999,PROD-002,2023-01-30 01:00:00,8,0.0,3157.76
10699,CUST-069,PROD-012,2023-01-30 02:00:00,6,0.0,2818.86
10700,CUST-038,PROD-004,2023-01-30 03:00:00,7,0.0,2348.71
10701,CUST-037,PROD-002,2023-01-30 04:00:00,9,0.05,3374.86
10702,CUST-096,PROD-010,2023-01-30 05:00:00,8,0.1,419.11
10703,CUST-078,PROD-019,2023-01-30 06:00:00,6,0.2,929.62
10704,CUST-089,PROD-002,2023-01-30 07:00:00,3,0.2,
10705,CUST-082,PROD-006,2023-01-30 08:00:00,8,0.1,825.55
10706,CUST-015,PROD-010,2023-01-30 09:00:00,2,0.05,110.6
10707,CUST-092,PROD-008,2023-01-30 10:00:00,3,0.1,508.41
10708,CUST-013,PROD-017,2023-01-30 11:00:00,9,0.2,188.93
10709,CUST-060,PROD-019,2023-01-30 12:00:00,7,0.2,1084.55
10710,CUST-086,PROD-016,2023-01-30 13:00:00,0,0.2,0.0
10711,CUST-031,PROD-012,2023-01-30 14:00:00,3,0.05,1338.96
10712,CUST-096,PROD-004,2023-01-30 15:00:00,3,0.1,905.93
10713,CUST-003,PROD-011,2023-01-30 16:00:00,3,0.0,839.43
10714,CUST-013,PROD-006,2023-01-30 17:00:00,3,0.05,326.78
10715,CUST-087,PROD-009,2023-01-30 18:00:00,4,0.0,1332.68
10716,CUST-063,PROD-008,2023-01-30 19:00:00,3,0.1,508.41
10717,CUST-083,PROD-002,2023-01-30 20:00:00,2,0.05,
10718,CUST-042,PROD-006,2023-01-30 21:00:00,8,0.1,825.55
10719,CUST-012,PROD-009,2023-01-30 22:00:00,5,0.2,1332.68
10720,CUST-045,PROD-002,2023-01-30 23:00:00,3,0.1,1065.74
10721,CUST-030,PROD-020,2023-01-31 00:00:00,2,0.05,261.02
10722,CUST-078,PROD-019,2023-01-31 01:00:00,8,0.0,1549.36
10723,CUST-036,PROD-010,2023-01-31 02:00:00,6,0.0,349.26
10724,CUST-095,PROD-011,2023-01-31 03:00:00,4,0.1,1007.32
10725,CUST-074,PROD-004,2023-01-31 04:00:00,3,0.2,805.27
10726,CUST-097,PROD-017,2023-01-31 05:00:00,3,0.2,
10727,CUST-999,PROD-005,2023-01-31 06:00:00,1,0.05,237.01
10728,CUST-043,PROD-014,2023-01-31 07:00:00,3,0.05,540.62
10729,CUST-010,PROD-019,2023-01-31 08:00:00,1,0.2,154.94
10730,CUST-016,PROD-009,2023-01-31 09:00:00,8,0.05,2532.09
10731,CUST-071,PROD-002,2023-01-31 10:00:00,1,0.0,394.72
10732,CUST-006,PROD-012,2023-01-31 11:00:00,3,0.0,
10733,CUST-999,PROD-016,2023-01-31 12:00:00,9,0.1,3465.26
10734,CUST-097,PROD-019,2023-01-31 13:00:00,4,0.05,735.95
10735,CUST-043,PROD-014,2023-01-31 14:00:00,7,0.0,1327.83
10736,CUST-060,PROD-011,2023-01-31 15:00:00,4,0.2,895.39
10737,CUST-024,PROD-018,2023-01-31 16:00:00,9,0.05,3337.75
10738,CUST-093,PROD-019,2023-01-31 17:00:00,4,0.05,735.95
10739,CUST-090,PROD-009,2023-01-31 18:00:00,3,0.0,999.51
10740,CUST-056,PROD-015,2023-01-31 19:00:00,3,0.05,773.92
10741,CUST-035,PROD-005,2023-01-31 20:00:00,3,0.1,673.6
10742,CUST-027,PROD-016,2023-01-31 21:00:00,7,0.2,2395.74
10743,CUST-087,PROD-001,2023-01-31 22:00:00,3,0.05,479.57
10744,CUST-066,PROD-018,2023-01-31 23:00:00,3,0.2,936.91
10745,CUST-056,PROD-013,2023-02-01 00:00:00,5,0.2,1027.76
10746,CUST-029,PROD-006,2023-02-01 01:00:00,4,0.1,412.78
10747,CUST-026,PROD-011,2023-02-01 02:00:00,3,0.0,839.43
10748,CUST-099,PROD-004,2023-02-01 03:00:00,4,0.1,1207.91
10749,CUST-039,PROD-006,2023-02-01 04:00:00,4,0.1,
10750,CUST-004,PROD-011,2023-02-01 05:00:00,2,0.2,447.7
10751,CUST-029,PROD-001,2023-02-01 06:00:00,7,0.0,1177.89
10752,CUST-051,PROD-012,2023-02-01 07:00:00,6,0.2,2255.09
10753,CUST-075,PROD-012,2023-02-01 08:00:00,0,0.2,
10754,CUST-050,PROD-003,2023-02-01 09:00:00,4,0.0,637.44
10755,CUST-048,PROD-018,2023-02-01 10:00:00,1,0.2,312.3
10756,CUST-002,PROD-012,2023-02-01 11:00:00,3,0.2,1127.54
10757,CUST-098,PROD-003,2023-02-01 12:00:00,-9,0.0,-1434.24
10758,CUST-024,PROD-002,2023-02-01 13:00:00,7,0.05,2624.89
10759,CUST-096,PROD-012,2023-02-01 14:00:00,1000,0.1,422829.0
10760,CUST-028,PROD-004,2023-02-01 15:00:00,1,0.1,301.98
10761,CUST-038,PROD-005,2023-02-01 16:00:00,2,0.0,498.96
10762,CUST-055,PROD-001,2023-02-01 17:00:00,2,0.0,336.54
10763,CUST-062,PROD-006,2023-02-01 18:00:00,6,0.05,653.56
10764,CUST-082,PROD-020,2023-02-01 19:00:00,-6,0.2,-659.42
10765,CUST-999,PROD-017,2023-02-01 20:00:00,3,0.2,62.98
10766,CUST-019,PROD-001,2023-02-01 21:00:00,2,0.0,336.54
10767,CUST-051,PROD-016,2023-02-01 22:00:00,2,0.1,770.06
10768,CUST-086,PROD-008,2023-02-01 23:00:00,3,0.2,451.92
10769,CUST-009,PROD-016,2023-02-02 00:00:00,1,0.05,406.42
10770,CUST-064,PROD-008,2023-02-02 01:00:00,9,0.05,1609.96
10771,CUST-078,PROD-020,2023-02-02 02:00:00,5,0.2,
10772,CUST-033,PROD-005,2023-02-02 03:00:00,6,0.05,1422.04
10773,CUST-010,PROD-017,2023-02-02 04:00:00,4,0.1,94.46
10774,CUST-008,PROD-012,2023-02-02 04:00:00,9,0.1,3805.46
10775,CUST-053,PROD-006,2023-02-02 06:00:00,9,0.1,928.75
10776,CUST-039,PROD-012,2023-02-02 07:00:00,8,0.1,3382.63
10777,CUST-052,PROD-001,2023-02-02 08:00:00,1,0.2,
10778,CUST-016,PROD-005,2023-02-02 09:00:00,6,0.1,1347.19
10779,CUST-062,PROD-006,2023-02-02 10:00:00,2,0.0,229.32
10780,CUST-097,PROD-008,2023-02-02 11:00:00,8,0.2,1205.12
10781,CUST-043,PROD-003,2023-02-02 12:00:00,2,0.2,254.98
10782,CUST-014,PROD-004,2023-02-02 13:00:00,6,0.2,1610.54
10783,CUST-049,PROD-002,2023-02-02 14:00:00,5,0.0,1973.6
10784,CUST-999,PROD-001,2023-02-02 15:00:00,5,0.1,757.22
10785,CUST-097,PROD-019,2023-02-02 16:00:00,8,0.05,1471.89
10786,CUST-081,PROD-019,2033-01-30 17:00:00,4,0.1,697.21
10787,CUST-083,PROD-010,2023-02-02 18:00:00,4,0.05,221.2
10788,CUST-033,PROD-017,2023-02-02 19:00:00,7,0.05,
10789,CUST-057,PROD-017,2023-02-02 19:00:00,8,0.1,188.93
10790,CUST-089,PROD-019,2023-02-02 21:00:00,2,0.05,367.97
10791,CUST-040,PROD-018,2023-02-02 22:00:00,3,0.0,1171.14
10792,CUST-013,PROD-018,2023-02-02 23:00:00,8,0.05,2966.89
10793,CUST-020,PROD-010,2023-02-03 00:00:00,3,0.05,
10794,CUST-083,PROD-003,2023-02-03 01:00:00,4,0.0,637.44
10795,CUST-057,PROD-020,2023-02-03 02:00:00,2,0.2,219.81
10796,CUST-021,PROD-020,2023-02-03 03:00:00,9,0.2,989.14
10797,CUST-061,PROD-005,2023-02-03 04:00:00,3,0.2,598.75
10798,CUST-096,PROD-003,2023-02-03 05:00:00,4,0.0,637.44
10799,CUST-024,PROD-018,2023-02-03 06:00:00,2,0.1,702.68
10800,CUST-058,PROD-015,2023-02-03 07:00:00,4,0.0,
10801,CUST-092,PROD-001,2023-02-03 08:00:00,6,0.0,1009.62
10802,CUST-999,PROD-001,2023-02-03 09:00:00,4,0.2,538.46
10803,CUST-021,PROD-013,2023-02-03 10:00:00,9,0.05,
10804,CUST-041,PROD-009,2023-02-03 11:00:00,9,0.1,2698.68
10805,CUST-099,PROD-006,2023-02-03 12:00:00,2,0.2,183.46
10806,CUST-082,PROD-002,2023-02-03 13:00:00,1,0.05,374.98
10807,CUST-053,PROD-015,2023-02-03 14:00:00,6,0.0,1629.3
10808,CUST-091,PROD-016,2023-02-03 15:00:00,8,0.05,3251.36
10809,CUST-054,PROD-020,2023-02-03 16:00:00,4,0.0,549.52
10810,CUST-034,PROD-013,2023-02-03 17:00:00,7,0.2,1438.86
10811,CUST-081,PROD-008,2023-02-03 18:00:00,5,0.0,941.5
10812,CUST-049,PROD-009,2023-02-03 19:00:00,4,0.0,1332.68
10813,CUST-012,PROD-019,2023-02-03 20:00:00,5,0.1,871.52
10814,CUST-079,PROD-005,2023-02-03 21:00:00,3,0.05,711.02
10815,CUST-094,PROD-006,2023-02-03 22:00:00,9,0.2,825.55
10816,CUST-016,PROD-018,2023-02-03 23:00:00,1,0.05,370.86
10817,CUST-082,PROD-020,2023-02-04 00:00:00,7,0.2,769.33
10818,CUST-064,PROD-018,2023-02-04 01:00:00,1000,0.1,351342.0
10819,CUST-076,PROD-015,2023-02-04 02:00:00,6,0.0,1629.3
10820,CUST-038,PROD-013,2023-02-04 03:00:00,4,0.0,1027.76
10821,CUST-999,PROD-006,2023-02-04 04:00:00,5,0.1,
10822,CUST-036,PROD-001,2023-02-04 05:00:00,5,0.05,799.28
10823,CUST-099,PROD-001,2023-02-04 06:00:00,8,0.2,1076.93
10824,CUST-054,PROD-011,2023-02-04 07:00:00,5,0.2,
10825,CUST-013,PROD-001,2023-02-04 08:00:00,8,0.1,1211.54
10826,CUST-090,PROD-007,2023-02-04 09:00:00,1,0.2,112.39
10827,CUST-070,PROD-002,2023-02-04 10:00:00,3,0.1,1065.74
10828,CUST-035,PROD-007,2023-02-04 11:00:00,8,0.0,1123.92
10829,CUST-055,PROD-012,2023-02-04 12:00:00,3,0.1,1268.49
10830,CUST-075,PROD-016,2023-02-04 13:00:00,3,0.2,1026.74
10831,CUST-029,PROD-003,2023-02-04 14:00:00,3,0.1,430.27
10832,CUST-065,PROD-003,2023-02-04 15:00:00,2,0.2,254.98
10833,CUST-066,PROD-004,2023-02-04 16:00:00,1,0.0,335.53
10834,CUST-057,PROD-003,2023-02-04 17:00:00,7,0.1,1003.97
10835,CUST-042,PROD-006,2023-02-04 18:00:00,9,0.0,1031.94
10836,CUST-042,PROD-002,2023-02-04 19:00:00,7,0.05,2624.89
10837,CUST-065,PROD-016,2023-02-04 20:00:00,7,0.1,2695.2
10838,CUST-054,PROD-005,2023-02-04 21:00:00,6,0.05,1422.04
10839,CUST-043,PROD-010,2023-02-04 22:00:00,9,0.1,471.5
10840,CUST-064,PROD-014,2023-02-04 23:00:00,2,0.2,303.5
10841,CUST-052,PROD-003,2023-02-05 00:00:00,9,0.0,1434.24
10842,CUST-028,PROD-014,2023-02-05 01:00:00,6,0.2,910.51
10843,CUST-088,PROD-020,2023-02-05 02:00:00,5,0.2,549.52
10844,CUST-032,PROD-016,2023-02-05 03:00:00,2,0.2,684.5
10845,CUST-057,PROD-006,2023-02-05 04:00:00,8,0.05,871.42
10846,CUST-041,PROD-002,2023-02-05 05:00:00,9,0.1,3197.23
10847,CUST-083,PROD-003,2023-02-05 06:00:00,1,0.2,127.49
10848,CUST-049,PROD-006,2023-02-05 07:00:00,1,0.2,91.73
10849,CUST-016,PROD-003,2023-02-05 08:00:00,4,0.2,509.95
10850,CUST-003,PROD-006,2023-02-05 09:00:00,1,0.1,103.19
10851,CUST-067,PROD-012,2023-02-05 10:00:00,0,0.05,0.0
10852,CUST-045,PROD-002,2023-02-05 11:00:00,3,0.1,1065.74
10853,CUST-038,PROD-005,2023-02-05 12:00:00,9,0.2,1796.26
10854,CUST-027,PROD-012,2023-02-05 13:00:00,5,0.2,1879.24
10855,CUST-069,PROD-019,2023-02-05 14:00:00,3,0.1,522.91
10856,CUST-010,PROD-008,2023-02-05 15:00:00,2,0.0,376.6
10857,CUST-070,PROD-009,2023-02-05 16:00:00,2,0.0,666.34
10858,CUST-097,PROD-007,2023-02-05 17:00:00,9,0.1,1137.97
10859,CUST-053,PROD-020,2023-02-05 18:00:00,4,0.1,494.57
10860,CUST-006,PROD-003,2023-02-05 19:00:00,9,0.0,1434.24
10861,CUST-062,PROD-014,2023-02-05 20:00:00,2,0.2,303.5
10862,CUST-027,PROD-013,2023-02-05 21:00:00,5,0.1,1156.23
10863,CUST-014,PROD-018,2023-02-05 22:00:00,5,0.2,1561.52
10864,CUST-032,PROD-007,2023-02-05 23:00:00,6,0.1,758.65
10865,CUST-069,PROD-018,2023-02-06 00:00:00,4,0.05,1483.44
10866,CUST-013,PROD-008,2023-02-06 01:00:00,2,0.1,338.94
10867,CUST-065,PROD-010,2023-02-06 02:00:00,4,0.1,209.56
10868,CUST-078,PROD-004,2023-02-06 03:00:00,4,0.2,1073.7
10869,CUST-007,PROD-020,2023-02-06 04:00:00,8,0.0,1099.04
10870,CUST-048,PROD-013,2023-02-06 05:00:00,4,0.1,924.98
10871,CUST-089,PROD-012,2023-02-06 06:00:00,2,0.1,845.66
10872,CUST-012,PROD-011,2023-02-06 07:00:00,7,0.0,1958.67
10873,CUST-021,PROD-007,2023-02-06 08:00:00,1,0.2,112.39
10874,CUST-063,PROD-019,2023-02-06 09:00:00,2,0.0,
10875,CUST-065,PROD-019,2023-02-06 10:00:00,1,0.0,193.67
10876,CUST-030,PROD-020,2023-02-06 11:00:00,3,0.0,412.14
10877,CUST-055,PROD-012,2023-02-06 12:00:00,2,0.05,892.64
10878,CUST-036,PROD-009,2023-02-06 13:00:00,2,0.05,
10879,CUST-093,PROD-002,2023-02-06 14:00:00,4,0.2,
10880,CUST-098,PROD-003,2023-02-06 15:00:00,5,0.0,796.8
10881,CUST-005,PROD-005,2023-02-06 16:00:00,1,0.05,237.01
10882,CUST-055,PROD-009,2023-02-06 17:00:00,2,0.05,633.02
10883,CUST-081,PROD-018,2023-02-06 18:00:00,3,0.05,
10884,CUST-031,PROD-001,2023-02-06 19:00:00,8,0.2,1076.93
10885,CUST-054,PROD-020,2023-02-06 20:00:00,2,0.05,
10886,CUST-099,PROD-015,2023-02-06 21:00:00,8,0.05,2063.78
10887,CUST-099,PROD-011,2023-02-06 22:00:00,4,0.0,1119.24
10888,CUST-088,PROD-008,2023-02-06 23:00:00,9,0.1,1525.23
10889,CUST-083,PROD-005,2023-02-07 00:00:00,8,0.1,1796.26
10890,CUST-042,PROD-016,2023-02-07 01:00:00,4,0.0,1711.24
10891,CUST-037,PROD-020,2023-02-07 02:00:00,6,0.2,659.42
10892,CUST-082,PROD-016,2023-02-07 03:00:00,1,0.0,427.81
10893,CUST-079,PROD-008,2023-02-07 04:00:00,5,0.05,894.42
10894,CUST-081,PROD-018,2023-02-07 05:00:00,6,0.0,2342.28
10895,CUST-075,PROD-002,2023-02-07 06:00:00,4,0.2,1263.1
10896,CUST-036,PROD-010,2023-02-07 07:00:00,7,0.05,387.1
10897,CUST-040,PROD-011,2023-02-07 08:00:00,5,0.2,1119.24
10898,CUST-037,PROD-014,2023-02-07 09:00:00,4,0.2,607.01
10899,CUST-080,PROD-006,2023-02-07 10:00:00,5,0.2,458.64
10900,CUST-061,PROD-014,2023-02-07 11:00:00,1,0.0,189.69
10901,CUST-009,PROD-020,2023-02-07 12:00:00,8,0.1,989.14
10902,CUST-099,PROD-004,2023-02-07 13:00:00,6,0.2,1610.54
10903,CUST-100,PROD-002,2023-02-07 14:00:00,8,0.2,2526.21
10904,CUST-064,PROD-001,2023-02-07 15:00:00,6,0.0,1009.62
10905,CUST-039,PROD-009,2023-02-07 16:00:00,5,0.0,1665.85
10906,CUST-067,PROD-011,2023-02-07 17:00:00,2,0.05,531.64
10907,CUST-097,PROD-019,2023-02-07 18:00:00,9,0.2,1394.42
10908,CUST-049,PROD-008,2023-02-07 19:00:00,3,0.2,451.92
10909,CUST-034,PROD-018,2023-02-07 20:00:00,7,0.05,2596.03
10910,CUST-085,PROD-006,2023-02-07 21:00:00,6,0.0,687.96
10911,CUST-066,PROD-016,2023-02-07 22:00:00,9,0.05,3657.78
10912,CUST-058,PROD-009,2023-02-07 23:00:00,7,0.05,2215.58
10913,CUST-094,PROD-002,2023-02-08 00:00:00,6,0.1,2131.49
10914,CUST-053,PROD-006,2023-02-08 01:00:00,3,0.0,343.98
10915,CUST-002,PROD-007,2023-02-08 02:00:00,6,0.05,800.79
10916,CUST-034,PROD-012,2023-02-08 03:00:00,6,0.05,2677.92
10917,CUST-087,PROD-012,2023-02-08 04:00:00,7,0.0,3288.67
10918,CUST-999,PROD-020,2023-02-08 05:00:00,4,0.1,494.57
10919,CUST-099,PROD-004,2023-02-08 06:00:00,9,0.0,
10920,CUST-017,PROD-017,2023-02-08 07:00:00,8,0.1,188.93
10921,CUST-054,PROD-009,2023-02-08 08:00:00,4,0.1,1199.41
10922,CUST-059,PROD-013,2023-02-08 09:00:00,4,0.0,1027.76
10923,CUST-021,PROD-019,2023-02-08 10:00:00,5,0.2,774.68
10924,CUST-007,PROD-018,2023-02-08 11:00:00,7,0.05,2596.03
10925,CUST-071,PROD-013,2023-02-08 12:00:00,1,0.05,
10926,CUST-033,PROD-015,2023-02-08 13:00:00,5,0.05,1289.86
10927,CUST-016,PROD-005,2023-02-08 14:00:00,5,0.05,1185.03
10928,CUST-090,PROD-008,2023-02-08 15:00:00,2,0.1,
10929,CUST-004,PROD-011,2023-02-08 16:00:00,4,0.05,1063.28
10930,CUST-052,PROD-013,2023-02-08 17:00:00,7,0.05,1708.65
10931,CUST-053,PROD-005,2023-02-08 18:00:00,7,0.2,1397.09
10932,CUST-057,PROD-003,2023-02-08 19:00:00,7,0.2,892.42
10933,CUST-053,PROD-004,2023-02-08 20:00:00,6,0.1,1811.86
10934,CUST-100,PROD-013,2023-02-08 21:00:00,1,0.0,256.94
10935,CUST-031,PROD-006,2023-02-08 22:00:00,7,0.2,642.1
10936,CUST-087,PROD-018,2023-02-08 23:00:00,3,0.1,1054.03
10937,CUST-070,PROD-011,2023-02-09 00:00:00,9,0.05,2392.38
10938,CUST-020,PROD-020,2023-02-09 01:00:00,2,0.2,219.81
10939,CUST-012,PROD-017,2023-02-09 02:00:00,5,0.0,131.2
10940,CUST-098,PROD-014,2023-02-09 03:00:00,6,0.2,
10941,CUST-076,PROD-019,2023-02-09 04:00:00,4,0.0,774.68
10942,CUST-092,PROD-004,2023-02-09 05:00:00,2,0.0,671.06
10943,CUST-009,PROD-006,2023-02-09 06:00:00,8,0.0,917.28
10944,CUST-009,PROD-017,2023-02-09 07:00:00,2,0.0,52.48
10945,CUST-029,PROD-017,2023-02-09 08:00:00,3,0.0,78.72
10946,CUST-060,PROD-019,2023-02-09 09:00:00,8,0.1,1394.42
10947,CUST-091,PROD-006,2023-02-09 10:00:00,8,0.05,871.42
10948,CUST-099,PROD-017,2023-02-09 11:00:00,2,0.1,47.23
10949,CUST-024,PROD-008,2023-02-09 12:00:00,8,0.0,1506.4
10950,CUST-052,PROD-005,2023-02-09 13:00:00,6,0.0,1496.88
10951,CUST-008,PROD-018,2023-02-09 14:00:00,5,0.05,1854.3
10952,CUST-058,PROD-002,2023-02-09 15:00:00,0,0.05,0.0
10953,CUST-056,PROD-006,2023-02-09 16:00:00,6,0.1,619.16
10954,CUST-004,PROD-017,2023-02-09 17:00:00,3,0.05,74.78
10955,CUST-090,PROD-007,2023-02-09 18:00:00,8,0.2,899.14
10956,CUST-027,PROD-011,2023-02-09 19:00:00,9,0.05,2392.38
10957,CUST-019,PROD-016,2023-02-09 20:00:00,5,0.2,1711.24
10958,CUST-003,PROD-004,2023-02-09 21:00:00,6,0.2,1610.54
10959,CUST-098,PROD-009,2023-02-09 22:00:00,6,0.2,1599.22
10960,CUST-024,PROD-010,2023-02-09 23:00:00,9,0.2,419.11
10961,CUST-091,PROD-008,2023-02-10 00:00:00,5,0.2,753.2
10962,CUST-064,PROD-010,2023-02-10 01:00:00,5,0.05,
10963,CUST-078,PROD-001,2023-02-10 02:00:00,4,0.2,538.46
10964,CUST-098,PROD-013,2023-02-10 03:00:00,8,0.1,1849.97
10965,CUST-070,PROD-004,2023-02-10 04:00:00,2,0.1,603.95
10966,CUST-030,PROD-010,2023-02-10 05:00:00,4,0.05,221.2
10967,CUST-006,PROD-009,2023-02-10 06:00:00,3,0.2,799.61
10968,CUST-019,PROD-011,2023-02-10 07:00:00,2,0.05,531.64
10969,CUST-085,PROD-007,2023-02-10 08:00:00,6,0.1,758.65
10970,CUST-067,PROD-012,2023-02-10 09:00:00,6,0.0,2818.86
10971,CUST-077,PROD-014,2023-02-10 10:00:00,4,0.2,607.01
10972,CUST-001,PROD-011,2023-02-10 11:00:00,5,0.1,1259.14
10973,CUST-074,PROD-011,2023-02-10 12:00:00,5,0.1,1259.14
10974,CUST-088,PROD-013,2023-02-10 13:00:00,1,0.1,231.25
10975,CUST-029,PROD-001,2023-02-10 14:00:00,6,0.2,807.7
10976,CUST-028,PROD-018,2023-02-10 15:00:00,6,0.1,2108.05
10977,CUST-061,PROD-009,2023-02-10 16:00:00,4,0.05,1266.05
10978,CUST-091,PROD-013,2023-02-10 17:00:00,2,0.05,488.19
10979,CUST-019,PROD-017,2023-02-10 18:00:00,4,0.1,94.46
10980,CUST-042,PROD-001,2023-02-10 19:00:00,9,0.1,1362.99
10981,CUST-076,PROD-002,2023-02-10 20:00:00,7,0.05,2624.89
10982,CUST-025,PROD-010,2023-02-10 21:00:00,1,0.05,55.3
10983,CUST-094,PROD-008,2023-02-10 22:00:00,4,0.2,602.56
10984,CUST-027,PROD-005,2023-02-10 23:00:00,5,0.2,997.92
10985,CUST-025,PROD-015,2023-02-11 00:00:00,1,0.05,257.97
10986,CUST-017,PROD-008,2023-02-11 01:00:00,1,0.2,150.64
10987,CUST-011,PROD-006,2023-02-11 02:00:00,6,0.2,550.37
10988,CUST-099,PROD-009,2023-02-11 03:00:00,2,0.1,599.71
10989,CUST-081,PROD-013,2023-02-11 04:00:00,4,0.0,1027.76
10990,CUST-030,PROD-018,2023-02-11 05:00:00,3,0.2,936.91
10991,CUST-019,PROD-001,2023-02-11 06:00:00,4,0.2,538.46
10992,CUST-050,PROD-003,2023-02-11 06:00:00,6,0.05,908.35
10993,CUST-078,PROD-014,2023-02-11 08:00:00,6,0.1,1024.33
10994,CUST-090,PROD-018,2023-02-11 09:00:00,3,0.0,1171.14
10995,CUST-083,PROD-016,2023-02-11 10:00:00,6,0.1,2310.17
10996,CUST-004,PROD-014,2023-02-11 11:00:00,-1,0.1,-170.72
10997,CUST-017,PROD-020,2023-02-11 12:00:00,1,0.0,137.38
10998,CUST-011,PROD-006,2023-02-11 13:00:00,1,0.1,103.19
10999,CUST-017,PROD-010,2023-02-11 14:00:00,2,0.0,116.42
11000,CUST-006,PROD-005,2023-02-11 15:00:00,6,0.2,1197.5
